file_name,split,decision,missed_count,notes
DSC_0142_JPG.rf.b8b6aaf5e31814ee6add39a8fc306133.jpg,test,all_visible_annotated,0,
sultana_108_jpg.rf.fbc97734d40bac2130bd146ec6be2125.jpg,train,all_visible_annotated,0,
EF68BF65-1DD1-429C-82B0-4D50B5783D52_1_105_c_jpeg.rf.109cf26c04f3e93c7e4e51fe8ae2ea46.jpg,valid,all_visible_annotated,0,
DSC05771_JPG.rf.14929cb5bcbab9efc80dd456285e1e3c.jpg,train,all_visible_annotated,0,
el_calvario_080_jpg.rf.71da5352701af4ab28e4c1c133f3b18b.jpg,train,all_visible_annotated,0,
sultana_127_jpg.rf.4b6f8f52abb38fe94e141c06555914a8.jpg,train,all_visible_annotated,0,
sultana_206_jpg.rf.c72552159d14a7260fb1844be6cfad97.jpg,train,bibs_missed,1,prolly unreadeable anyway
_MG_5228_jpg.rf.756023b85abf6fae556d9373b893a674.jpg,valid,bibs_missed,1,
el_calvario_072_jpg.rf.a8c4d47cf794a55b8dd2f1aff5aef2ec.jpg,train,all_visible_annotated,0,
35_jpg.rf.7b31bfe8668f624af13368dac51b0470.jpg,valid,all_visible_annotated,0,
el_calvario_004_jpg.rf.4881648294045d0f4bfbb6217be16a50.jpg,valid,all_visible_annotated,0,
2B0B6A98-CF20-43DD-87D1-44E685091F51_1_105_c_jpeg.rf.63aaf05d3703a471d2879c08e06dd8b0.jpg,train,all_visible_annotated,0,
sultana_148_jpg.rf.f4c08ce9002d85b440bb192984de41ed.jpg,train,all_visible_annotated,0,
_MG_5478_jpg.rf.969e4eb31440a484ac34d3a1902be613.jpg,valid,bibs_missed,1,
el_calvario_002_jpg.rf.d064cdc306f4a6d4a1c9daa0ceb1a40b.jpg,valid,all_visible_annotated,0,
sultana_142_jpg.rf.f7d5c85a8ddf65bcb7bf8517e8252d09.jpg,train,all_visible_annotated,0,
el_calvario_043_jpg.rf.80a817b1c6a6294aee81ed6aabd3dec7.jpg,train,all_visible_annotated,0,
el_calvario_005_jpg.rf.48359dbf3a33af3816bd65a916a9f241.jpg,train,all_visible_annotated,0,
el_calvario_097_jpg.rf.4f93aa26078aa935868333de940f8701.jpg,train,all_visible_annotated,0,
sultana_195_jpg.rf.b23e4178e0a464750b8f7c33aaa74a89.jpg,train,all_visible_annotated,0,
sultana_156_jpg.rf.397cedbbb8b4e5a31a9ea40d58f566fa.jpg,train,all_visible_annotated,0,
sultana_145_jpg.rf.ce4d3e6cd45a04c0d65afe4ed265edfa.jpg,train,all_visible_annotated,0,
22_jpg.rf.93650e55a883984fbe56ff87c772ee0f.jpg,train,all_visible_annotated,0,
DSC05546_JPG.rf.882be95b4d99048ce3a5a55f07b34643.jpg,train,bibs_missed,1,
DSC05411_jpg.rf.6d83306fa073106355ac5b0ec386cedf.jpg,train,all_visible_annotated,0,
DSC05420_jpg.rf.105d34c560f6e0ebec3c4407f1a2fb9a.jpg,train,bibs_missed,1,
DSC05183_JPG.rf.f55089696eb2203352a465a2c9e52d24.jpg,train,bibs_missed,1,
DSC05178_JPG.rf.cb72073d86dc1a809ddf1b641fdedb58.jpg,train,all_visible_annotated,0,
DSC01853_JPG.rf.bf8e5db110f5c6f3e55f1dbdc3bd30c5.jpg,train,all_visible_annotated,0,
DSC01821_JPG.rf.baf2202e0e110ea5adcfa761392be0eb.jpg,train,all_visible_annotated,0,
sultana_173_jpg.rf.08ac600254e53ad861f44dce5d12939a.jpg,train,all_visible_annotated,0,
DSC01928_JPG.rf.5aff86ae17c4abc400aab3b540d6c788.jpg,train,bibs_missed,1,
DSC03600_JPG.rf.0ed97fd34a06b36dbdd532146711c78f.jpg,train,all_visible_annotated,0,
962D6CEE-1A47-418C-8CE2-2EEBE44F762D_1_105_c_jpeg.rf.fbc0d944a90336d9b2d173ecc9455f5e.jpg,valid,all_visible_annotated,0,
34_jpg.rf.b2701b96e49f376d46f52e5ba5b912b6.jpg,valid,all_visible_annotated,0,
DSC_0335_JPG.rf.83224b7d951fae62271f710932640daf.jpg,valid,bibs_missed,1,
sultana_112_jpg.rf.86c53f535a1c39c31b9de664557dca61.jpg,valid,all_visible_annotated,0,
el_calvario_054_jpg.rf.67788310c90fdc7a0b72f547f2d960a7.jpg,valid,all_visible_annotated,0,
9643EDB6-E8F7-4F88-B1A8-F2D28899B44B_1_105_c_jpeg.rf.76770ed642f72f8b4bb9d08f52506cfc.jpg,valid,all_visible_annotated,0,
DSC05485_JPG.rf.2340d7761370585ff1ce4167697bb497.jpg,valid,bibs_missed,1,
DSC_0027_JPG.rf.63499cb3b59e11688305e597156e5457.jpg,valid,all_visible_annotated,0,
el_calvario_079_jpg.rf.40975de506e8a4c550867d319eee19fb.jpg,valid,all_visible_annotated,0,
DSC05774_JPG.rf.c4b1a90e8d35aa4309b5aeaad082c4f6.jpg,valid,bibs_missed,1,
sultana_104_jpg.rf.1e34b807678cd14a0e8956a7584f7e1f.jpg,train,all_visible_annotated,0,
sultana_149_jpg.rf.880abfbcf3457ee7781f091f0b38e40b.jpg,train,all_visible_annotated,0,
40D3BB8E-21F2-4E5D-8027-493FA1C03133_1_105_c_jpeg.rf.26d590aa3c2498add19892dadec7aca2.jpg,train,all_visible_annotated,0,
DSC01900_JPG.rf.bf18a24efee9e42bad128353949d2a01.jpg,train,all_visible_annotated,0,
sultana_140_jpg.rf.f7acbac306d80fbbb10d010becc53c82.jpg,train,all_visible_annotated,0,
DSC01950_JPG.rf.7d80680f66f66bd52943fe5e44666f18.jpg,train,bibs_missed,1,
sultana_198_jpg.rf.ce9134cf01bc7be1d4f903d3ec7c9e50.jpg,train,all_visible_annotated,0,
DSC_0580_JPG.rf.f773e5defed063ed5547c6e67ee851a4.jpg,train,all_visible_annotated,0,
DSC01818_JPG.rf.5f73259bad33746ec56a8bad2d4efa71.jpg,train,all_visible_annotated,0,
DSC01901_JPG.rf.2d81e659f7205eb4f0a418c5ab97e46f.jpg,train,all_visible_annotated,0,
DSC05336_JPG.rf.6fe6de5b52c80daf6d5a98aad74dc27f.jpg,train,bibs_missed,1,
el_calvario_094_jpg.rf.9bc8007d893cd4b97b88db85adfe24d4.jpg,train,all_visible_annotated,0,
A065D031-4464-4ADC-BFD0-C8D937A8AD8A_1_105_c_jpeg.rf.4baf28243034a7b107d1316ba0cfc9b8.jpg,valid,all_visible_annotated,0,
DSC03565_JPG.rf.bf37fc6dec80a9eabdf4ecdd4e7db74d.jpg,train,all_visible_annotated,0,
E1F66B82-2040-4A93-ADAD-543BDAEA2DB4_jpeg.rf.eb1d6220617446f20a8a1bf82162c8a7.jpg,train,all_visible_annotated,0,
el_calvario_074_jpg.rf.2be9348c475da56591eeec1bc4576d16.jpg,train,all_visible_annotated,0,
_MG_5463_jpg.rf.84fe9bf65f2f9351d3599474cda2cc66.jpg,train,all_visible_annotated,0,
sultana_155_jpg.rf.bc111272966c14755888757292607671.jpg,train,all_visible_annotated,0,
el_calvario_001_jpg.rf.a2f05472bc5628263f68064e97cbe4a8.jpg,train,all_visible_annotated,0,
sultana_171_jpg.rf.d3f307a0f6e7dee7621df1ce26ee2ef3.jpg,train,all_visible_annotated,0,
DSC05323_JPG.rf.dee52850c1e788c1b5cd3d383bc86bef.jpg,train,all_visible_annotated,0,
sultana_190_jpg.rf.3dbbbf8180260840df508af508ecb840.jpg,train,all_visible_annotated,0,
sultana_151_jpg.rf.d4f683c7416b9814c8ae7e70c6b61c20.jpg,valid,all_visible_annotated,0,
DSC_0120_JPG.rf.d98b2dc13bf91cb9cfd1a9d37bd57248.jpg,train,all_visible_annotated,0,
_MG_5313_jpg.rf.f5f806c9cae49b1829907c369d8cd159.jpg,test,bibs_missed,1,
6BF2CAB5-8FCE-4C43-9D8B-70D6732B2E58_1_105_c_jpeg.rf.7113ba1c0a1677674acf12695ed86890.jpg,test,all_visible_annotated,0,
sultana_166_jpg.rf.539911705f291743ef6a3547a901c32c.jpg,test,all_visible_annotated,0,
sultana_158_jpg.rf.06eb98689689fd1cd3b5c54ab971b50f.jpg,test,all_visible_annotated,0,
B857CEB6-E8F9-498C-B11A-975DD6B02FBB_1_105_c_jpeg.rf.0eae25a8c252bbbe4fe34da2b1131cec.jpg,test,all_visible_annotated,0,
sultana_113_jpg.rf.adce8e4eade7077627ad1c443267a67a.jpg,test,all_visible_annotated,0,
sultana_153_jpg.rf.87cbb9702fa753a6d9efb636d0a34ff6.jpg,test,all_visible_annotated,0,
sultana_137_jpg.rf.1b807fbaae91ff0e041023b8cf5d990e.jpg,test,all_visible_annotated,0,
DSC05354_JPG.rf.c5441ed6572063e9b31fefe4f799029e.jpg,valid,all_visible_annotated,0,
sultana_147_jpg.rf.6c3d6babf442fb4eb9d774ec788977d2.jpg,valid,all_visible_annotated,0,
el_calvario_082_jpg.rf.fd3671529047842172e7158f69b40f1f.jpg,test,all_visible_annotated,0,
B0EF9652-747C-4386-A944-1A2C0553649A_1_105_c_jpeg.rf.c13d8244afaafd6187573447c72a2998.jpg,test,all_visible_annotated,0,
DSC_0032_JPG.rf.0ac3efcd40bfb5e7c2571e5590f279f0.jpg,test,all_visible_annotated,0,
DSC05556_JPG.rf.b2ba00baa3b65ec5cf43238b7f49e299.jpg,test,bibs_missed,1,
el_calvario_088_jpg.rf.bd9c7eb9c57e1a3fb42b9b7090ab8ee0.jpg,test,all_visible_annotated,0,
D9A777A7-54AD-4905-AE2E-ED882DB68E78_1_105_c_jpeg.rf.dd3175fbe233a68b71dcd389549badeb.jpg,test,all_visible_annotated,0,
el_calvario_095_jpg.rf.a6c7648368f8393a026e96166bd8154a.jpg,test,all_visible_annotated,0,
sultana_172_jpg.rf.f89b0ef2538279516f87622442c1ee5f.jpg,test,all_visible_annotated,0,
DSC05773_JPG.rf.02f02fe6f623b26b5b92460f7762d398.jpg,test,bibs_missed,1,
85677B9A-678B-40BC-9991-33D9B8090EAF_1_105_c_jpeg.rf.9d2357d75a2b349719abead22e090fc2.jpg,test,all_visible_annotated,0,
sultana_133_jpg.rf.18de11c80e130e79f33e9d04096616d1.jpg,test,all_visible_annotated,0,
DSC_0156_JPG.rf.e8ec7ad1458199a71e9aec019a08c76c.jpg,valid,all_visible_annotated,0,
618DAF53-A67B-46C5-8FE7-5277DE1117CB_1_105_c_jpeg.rf.6937c268639c5b37aa028baeca4a98f3.jpg,valid,all_visible_annotated,0,
sultana_131_jpg.rf.83d18b016d160d83d3bf52de0016a00b.jpg,valid,all_visible_annotated,0,
sultana_185_jpg.rf.316309cd1220c029bca29ef63998df82.jpg,valid,all_visible_annotated,0,
el_calvario_063_jpg.rf.6313efeb54972dd71f835f4678ef2a21.jpg,valid,all_visible_annotated,0,
sultana_210_jpg.rf.f26b693d5cfa38d3e908686cf777cb0f.jpg,valid,all_visible_annotated,0,
el_calvario_091_jpg.rf.20b58931a43c7dd955363f5aa31769d6.jpg,valid,all_visible_annotated,0,
sultana_119_jpg.rf.2d095692bd3c9ac38424aa0537f9cc53.jpg,valid,all_visible_annotated,0,
el_calvario_089_jpg.rf.c86e40dad51507c78cdd18f4fc1ad7ca.jpg,valid,all_visible_annotated,0,
DSC05486_JPG.rf.2ff0d2b16b8c70288622ad89c4d71903.jpg,valid,all_visible_annotated,0,
sultana_146_jpg.rf.dd0fd34efcf84713b2179e2a4b9c2cec.jpg,valid,all_visible_annotated,0,
sultana_141_jpg.rf.9abddc821f1fe7d14d88eec55bce269d.jpg,valid,all_visible_annotated,0,
sultana_207_jpg.rf.274bac577163e061a2cd5066b4fad81b.jpg,valid,all_visible_annotated,0,
E8C60674-165B-498F-94EE-F892485BD017_1_105_c_jpeg.rf.958eea2a4c4e6b428b3eb22501c14472.jpg,valid,all_visible_annotated,0,
el_calvario_087_jpg.rf.39bb90cee2c4308e561e2accb01281cf.jpg,valid,all_visible_annotated,0,
sultana_105_jpg.rf.7b569f9c296f28b3732f56cbce832f97.jpg,valid,all_visible_annotated,0,
el_calvario_069_jpg.rf.47a80346a633da12d6d0dde91a983666.jpg,valid,all_visible_annotated,0,
A321FA30-EEEA-4CE4-B842-614480C854CB_1_105_c_jpeg.rf.547fea044636bf6d80a02cb0b6cb0b93.jpg,valid,all_visible_annotated,0,
45_jpg.rf.2b5e4980184b3f6357989625fd65789d.jpg,valid,all_visible_annotated,0,
35CD6B2C-0A5A-4193-9E14-48EC146B45A9_1_105_c_jpeg.rf.713144274869e69e95d5af47b6fa2c61.jpg,train,all_visible_annotated,0,
DSC05306_JPG.rf.78dbaab7492ca499670bab915bd30917.jpg,train,all_visible_annotated,0,
DSC02043_JPG.rf.5784958cc594f3185766c65deacaf5a2.jpg,train,all_visible_annotated,0,
DSC05597_JPG.rf.eab170fce9e1fe08049b782b74e861e5.jpg,train,all_visible_annotated,0,
DSC05545_JPG.rf.46160be468d0ac980cc8535a432d8e2c.jpg,train,all_visible_annotated,0,
DSC05211_JPG.rf.367a906bdc4e04729dea7f3ea2f09465.jpg,train,all_visible_annotated,0,
CAB59EAB-2864-40A7-B15D-D25B9C9B5355_1_105_c_jpeg.rf.f39428e21e5db432ff668331e677b3c3.jpg,train,all_visible_annotated,0,
DSC03665_JPG.rf.91d34695274d45b0799ae1a287414758.jpg,train,all_visible_annotated,0,
DSC01827_JPG.rf.feda12899e090f405c008021fee3b3c2.jpg,train,all_visible_annotated,0,
DSC05709_JPG.rf.3fa913193ea5b11bde2b77eddfa21911.jpg,train,all_visible_annotated,0,
DSC05282_JPG.rf.aafcf4b0ae0bbc0e9956d723e30719ce.jpg,train,all_visible_annotated,0,
el_calvario_064_jpg.rf.27a8f322bf6da579c27f18b953ba6403.jpg,train,all_visible_annotated,0,
el_calvario_003_jpg.rf.7989e668369611c68d0b79b545430adc.jpg,train,all_visible_annotated,0,
el_calvario_081_jpg.rf.2e5d619a86d3d66bc336c80fb3aa0475.jpg,train,all_visible_annotated,0,
sultana_197_jpg.rf.04b25aff2ad0af909d8dceff6d8acb0e.jpg,train,all_visible_annotated,0,
_MG_5028_jpg.rf.fe5956d7fb2c2fec1f7c39ce5bcb7802.jpg,train,all_visible_annotated,0,
7D689572-AE0B-46E6-B1E9-1DF7E56FFEFB_1_105_c_jpeg.rf.fac8263ac64e3c9f803de684b552916f.jpg,train,all_visible_annotated,0,
sultana_199_jpg.rf.918a0d7084e2a5e6f21a05ce82077f81.jpg,train,all_visible_annotated,0,
F1C56B69-24F7-4144-BCE3-E6FBB0DF31CA_1_105_c_jpeg.rf.d6f1881991e63f6bbe10f29e066f8717.jpg,train,all_visible_annotated,0,
DSC05320_JPG.rf.0109f233781347de2f8b348a216fe347.jpg,train,all_visible_annotated,0,
el_calvario_058_jpg.rf.c318e7ed3c2966cd14a0a8aec54dddb8.jpg,train,all_visible_annotated,0,
DSC05217_JPG.rf.2dd97b148811ce6a1498de38425f75af.jpg,train,all_visible_annotated,0,
sultana_135-_jpg.rf.6033f1c1e4eb3a6711af1492eecae970.jpg,train,all_visible_annotated,0,
CA39E02F-80AC-408C-89C7-902D466982E4_1_105_c_jpeg.rf.a2239d585f9f33332caa716160d41f22.jpg,train,all_visible_annotated,0,
sultana_160_jpg.rf.653d150d1c2ffa9be17daa5725ae3475.jpg,train,all_visible_annotated,0,
DSC05930_JPG.rf.7ea06c47a14e8b6fcc77fe44723cfc16.jpg,train,bibs_missed,1,
AAD28DE5-5997-4BF5-BF1E-1130EE38DB16_1_105_c_jpeg.rf.050c9017623904bef8049def53451a4b.jpg,train,all_visible_annotated,0,
sultana_191_jpg.rf.73357798f38ca9e3ff7cace4a8c6e345.jpg,train,all_visible_annotated,0,
sultana_118_jpg.rf.758d64e79ce8f08ac177ba59ce4bfe13.jpg,train,all_visible_annotated,0,
sultana_177_jpg.rf.74e0a0bcdb5c11b6403d229dae3129f3.jpg,train,bibs_missed,1,
DSC05439_jpg.rf.8f63a4075a4571f3ce18430b34a2f9e5.jpg,train,bibs_missed,1,
DSC01907_JPG.rf.e3f34b4517fe4859c31e215aeeaaf741.jpg,train,all_visible_annotated,0,
sultana_132_jpg.rf.438ba9fcd6b3c748f784997cad88bea2.jpg,train,all_visible_annotated,0,
DSC05931_JPG.rf.fa5ef3a3a7b695845c3e99cc6d33e4e0.jpg,train,all_visible_annotated,0,
sultana_179_jpg.rf.95c7bf142651fa6bb7ade78b7f468917.jpg,train,all_visible_annotated,0,
DSC05710_JPG.rf.7225df5c3ae807b481980f07db3d0998.jpg,train,all_visible_annotated,0,
DSC_0079_JPG.rf.3c5ef7cb5c697ac72c2d9fdc17ae88b6.jpg,train,all_visible_annotated,0,
DSC_0677_JPG.rf.d8a02d47c40876b44c6212add1458cac.jpg,train,bibs_missed,2,
el_calvario_049_jpg.rf.680143bb71490b399b2dc9dbfc13368a.jpg,train,all_visible_annotated,0,
DSC05686_JPG.rf.3bd2c6868430cb5ef34bdd6da645a6b9.jpg,train,all_visible_annotated,0,
DSC05768_JPG.rf.decf84cbb38e9a7cba90eaeaa04927a9.jpg,train,all_visible_annotated,0,
DSC_0039_JPG.rf.2f0087fe0ca2af0cfa3bed919f961cb7.jpg,train,all_visible_annotated,0,
sultana_120_jpg.rf.b47a9ecf77d6004657a5f16b64c0b2df.jpg,train,all_visible_annotated,0,
DSC05837_JPG.rf.6aa0c1b0b25403e2405bd8e1be4f3a0a.jpg,train,bibs_missed,1,
DSC01966_JPG.rf.e32b8447b4f0bfe34118537bc588d2b3.jpg,train,all_visible_annotated,0,
el_calvario_100_jpg.rf.e6f5a0896f06074ba0c4342f57abf630.jpg,train,all_visible_annotated,0,
DSC_0092_JPG.rf.ed488dc78edb9d94c5cea8ef9590dde0.jpg,train,all_visible_annotated,0,
A62C87DA-97A9-48EE-9C74-3089BE64175B_1_105_c_jpeg.rf.2765408d7e2739ed7e8185e25bd08777.jpg,train,all_visible_annotated,0,
_MG_5507_jpg.rf.ec0dd67d494291af30b7b80023c8afd3.jpg,train,bibs_missed,1,
DSC05289_JPG.rf.79bedb375ea72748982d9807d8168903.jpg,train,all_visible_annotated,0,
DSC05445_JPG.rf.7803fc5ee839a488c043a9d0f7d46919.jpg,train,all_visible_annotated,0,
DSC01902_JPG.rf.ac04c3430e46f19eee35ae4fa21dd2d4.jpg,train,all_visible_annotated,0,
DSC_0098_JPG.rf.ee2c94dcbd104edb556d736be3f16865.jpg,train,all_visible_annotated,0,
sultana_174_jpg.rf.71956ce9e4b338057bf4f139e745ca7c.jpg,train,all_visible_annotated,0,
DSC02058_JPG.rf.a1c2747d5a6e2a93bc5f57a690ed9354.jpg,train,all_visible_annotated,0,
DSC05685_JPG.rf.79953f9bb8a1fe202cb303c14e93399b.jpg,train,all_visible_annotated,0,
el_calvario_050_jpg.rf.77499b0223753bc0007ef09359002e62.jpg,train,all_visible_annotated,0,
sultana_194_jpg.rf.8902f8dadc0a2473dead678708b727c4.jpg,train,all_visible_annotated,0,
DSC05180_JPG.rf.1566d487a0be2fc63cf0c87403d87bbf.jpg,train,all_visible_annotated,0,
el_calvario_012_jpg.rf.ba96def57fe07169614c10f1b20a1ec4.jpg,train,all_visible_annotated,0,
DSC05596_JPG.rf.e0822de07c5f6a6880b07f8227e721e1.jpg,train,all_visible_annotated,0,
DSC05179_JPG.rf.d77425ecb0fea68aa8fac6014651eddd.jpg,train,all_visible_annotated,0,
DSC01825_JPG.rf.d412881d1079b0f26216ad9b1587d642.jpg,train,all_visible_annotated,0,
DSC05238_JPG.rf.554d487accccc634818bdf0e4540b9ef.jpg,train,bibs_missed,1,
el_calvario_073_jpg.rf.40c82c0102b20707cbd3344fd427c6e3.jpg,train,all_visible_annotated,0,
DSC02084_JPG.rf.bbc52646a80234b1681ef633c1e90ab9.jpg,train,all_visible_annotated,0,
el_calvario_098_jpg.rf.77e8d0a2c83b2e9e922d6552f28a1479.jpg,train,all_visible_annotated,0,
sultana_144_jpg.rf.5b6f01b8b6a4f4e640b8de424f965270.jpg,train,all_visible_annotated,0,
sultana_116_jpg.rf.900d4d6126b447562b0ff8a7c09d3f70.jpg,train,all_visible_annotated,0,
D8F98788-A91A-4725-A85E-1B3BBBC02747_1_105_c_jpeg.rf.69986d1f5506164bc3d5525409261857.jpg,train,all_visible_annotated,0,
sultana_157_jpg.rf.63b65fca33dcbe226968ea8c350f4340.jpg,train,all_visible_annotated,0,
DSC05711_JPG.rf.8c6e4b21fa5f6872ec1aab057f03291b.jpg,train,all_visible_annotated,0,
DSC_0004_JPG.rf.d28868603f357a23543ac49532cb101a.jpg,train,all_visible_annotated,0,
DSC01898_JPG.rf.a2711d1d080dabc4f46a39da1506b66e.jpg,train,bibs_missed,1,
el_calvario_018_jpg.rf.c03421014dd528be4a034e6b39c6f442.jpg,train,bibs_missed,1,
DSC01810_JPG.rf.60442a3645574947eaf057cc067dc604.jpg,train,all_visible_annotated,0,
DSC05334_JPG.rf.91b73ebff5a4a38a9b90a6c56916be0b.jpg,train,all_visible_annotated,0,
DSC_0107_JPG.rf.9c37093fb49cc71fe9575dcab2571502.jpg,train,all_visible_annotated,0,
sultana_196_jpg.rf.51ca90c7ca6267df7d1682ee39dc425c.jpg,train,all_visible_annotated,0,
sultana_150_jpg.rf.b2e20763e6b10ed3429dffbcb39a8d68.jpg,train,all_visible_annotated,0,
el_calvario_077_jpg.rf.413fab18333185d49c750049649150cb.jpg,train,all_visible_annotated,0,
DSC_0634_JPG.rf.797e3928fae99d4504f9cdd411649755.jpg,test,bibs_missed,2,
DSC05661_JPG.rf.a917a776c77ea253f6f96ae790e6f8b6.jpg,train,all_visible_annotated,0,
20_jpg.rf.e904d4b3feb43fe9069bf7263ba3366d.jpg,train,all_visible_annotated,0,
DSC01817_JPG.rf.f3fbe82f1784bfb5880cc63186c9f319.jpg,train,all_visible_annotated,0,
CC9194A1-EF46-4D2C-A08D-E552BB829D3E_1_105_c_jpeg.rf.3a49c027346e96f2e8142cc80a76b8c6.jpg,valid,all_visible_annotated,0,
DSC_0099_JPG.rf.b2974e99ba97e919e3234ec031da17ab.jpg,valid,all_visible_annotated,0,
el_calvario_083_jpg.rf.3291db9cf4abc3f80adee080c78cc78f.jpg,train,all_visible_annotated,0,
sultana_178_jpg.rf.837e77a8a15b4a082fdba020e11627f5.jpg,valid,all_visible_annotated,0,
6C8AB89E-061C-41F3-AF15-77C78E29C707_1_105_c_jpeg.rf.c57553c2ecdd323bf71c9d775e6fb419.jpg,train,all_visible_annotated,0,
DSC01826_JPG.rf.bcfca7b260d3774f942a0543b278cbcb.jpg,train,all_visible_annotated,0,
DSC_0096_JPG.rf.78b7e3c53e9140deca359b2c9be7946d.jpg,train,all_visible_annotated,0,
sultana_209_jpg.rf.685b5b62238bd7e8f8c76d1f20a09862.jpg,train,all_visible_annotated,0,
DSC_0028_JPG.rf.328fa46f1787b4bcb325ecee5ce49017.jpg,train,all_visible_annotated,0,
8C818986-4EF2-46AB-998D-0298E522C090_1_105_c_jpeg.rf.5fd54a383caf80895c1a46dfc8e64118.jpg,train,all_visible_annotated,0,
A10E0859-C3B5-4A7B-ABA7-B4E1EFD9C1A9_1_105_c_jpeg.rf.3afc22fdb35659cf8fd505235933a044.jpg,train,all_visible_annotated,0,
el_calvario_075_jpg.rf.d1309702855813878f138f6a1740eb54.jpg,valid,all_visible_annotated,0,
el_calvario_010_jpg.rf.d8b7df9686d7842672a13f9862dd460a.jpg,test,all_visible_annotated,0,
sultana_103_jpg.rf.8eb2c2b86133820ac57acd7cd2c9445e.jpg,test,all_visible_annotated,0,
DSC_0157_JPG.rf.0b1c0d05b7c4d53cfc66775c7fbdb3c5.jpg,valid,all_visible_annotated,0,
sultana_123_jpg.rf.841854305a8385a073e98dd3f1bdea56.jpg,test,all_visible_annotated,0,
el_calvario_084_jpg.rf.70e451d20024c36d4085b850255c7815.jpg,test,all_visible_annotated,0,
_MG_5514_jpg.rf.0a337766772255e7a6254e009c4005aa.jpg,test,all_visible_annotated,0,
06AC55FE-D7C2-47B0-80F1-B3ED1A990C4D_1_105_c_jpeg.rf.723644b528e30fd81c2606cb1e52c474.jpg,test,all_visible_annotated,0,
DSC_0231_JPG.rf.4cb64d7fa25f22e727d597ae074b5699.jpg,valid,bibs_missed,1,
sultana_109_jpg.rf.0d213421df83e69bb1424fc0d9ef385f.jpg,valid,all_visible_annotated,0,
_MG_5017_jpg.rf.6d01bd2d16c10b79fa68bddba9044784.jpg,valid,bibs_missed,1,
el_calvario_099_jpg.rf.e83553330c95147f12f48bd5408eb8f0.jpg,valid,all_visible_annotated,0,
DSC_0151_JPG.rf.d457dbc6bf27bfc7c20b0e814fc1c38b.jpg,valid,all_visible_annotated,0,
el_calvario_040_jpg.rf.35aa915a8770a07df453096e4f23947e.jpg,valid,all_visible_annotated,0,
A30C2E66-7E04-4A3C-B78E-97448BB020CB_1_105_c_jpeg.rf.b7c8a5abb82c6dcea5ac19c67a4255c3.jpg,train,all_visible_annotated,0,
21_jpg.rf.e9a2f936d0d84dd9f218e14c6d79d569.jpg,train,all_visible_annotated,0,
sultana_125_jpg.rf.8eba6c308e2e60fe62178edd753408b7.jpg,train,all_visible_annotated,0,
DSC05547_JPG.rf.1c5393b11122126e695e662aedae250f.jpg,train,all_visible_annotated,0,
1626F31B-BA93-4F76-8C14-9F8E4CCCBC6B_1_105_c_jpeg.rf.e15de1f7618c058709b51445ad10d92b.jpg,train,all_visible_annotated,0,
18_jpg.rf.9fe4cc438dbd6ac04875404dadfa171a.jpg,train,all_visible_annotated,0,
el_calvario_093_jpg.rf.1c111ea1bb24ce23c4ac745779665f6b.jpg,train,all_visible_annotated,0,
DSC01865_JPG.rf.7333f40c0e1de584c851c783f5f2463c.jpg,train,all_visible_annotated,0,
DSC03262_JPG.rf.8f2612c1941a4c6e2a5cdf36557619ac.jpg,train,all_visible_annotated,0,
DSC02022_JPG.rf.db13700e4ab4ff7f6157e52fa457a55a.jpg,train,all_visible_annotated,0,
6AD38634-F9A4-4DC4-921C-8BFEB5B531E0_1_105_c_jpeg.rf.185c82da917dc1220edf4ef4d76d5577.jpg,train,all_visible_annotated,0,
_MG_5488_jpg.rf.750ee2b9a38bd6372d1d9f705da0a0b5.jpg,train,all_visible_annotated,0,
3580DC17-BA7D-4D37-A2FC-BD661FA1BFF0_1_105_c_jpeg.rf.303dd193f04fcea95ced3ebad37e1f57.jpg,train,all_visible_annotated,0,
sultana_128_jpg.rf.6d41a181d5bb6ee92ea651698b3c3cf1.jpg,train,all_visible_annotated,0,
el_calvario_045_jpg.rf.642d71b9f99ddc9028e5808b5509ed85.jpg,train,all_visible_annotated,0,
7F84431E-9BBE-4712-AB8F-28740750B331_1_105_c_jpeg.rf.f5ae25eaaf46d08348ede96240a205c2.jpg,train,all_visible_annotated,0,
DSC01936_JPG.rf.f60daada8b5084ba3679667704c68f5f.jpg,train,all_visible_annotated,0,
DSC05662_JPG.rf.a6650468d4d212e50e219549def7705d.jpg,train,all_visible_annotated,0,
el_calvario_062_jpg.rf.afff89e883a34bf3246b2490c982887f.jpg,train,all_visible_annotated,0,
550230EA-932A-4218-A8CD-1A8484BD28B7_1_105_c_jpeg.rf.8e12573d19a9dcb8145eb0fcd0d8de6a.jpg,train,all_visible_annotated,0,
sultana_175_jpg.rf.cbd00ba835b8972b6f39a283756f683b.jpg,train,all_visible_annotated,0,
DSC02047_JPG.rf.137c1be1b559fea3e954a6a04e96592f.jpg,train,all_visible_annotated,0,
_MG_5386_jpg.rf.b93756678e070be4d1e637ee4d37f67e.jpg,train,all_visible_annotated,0,
DSC01766_JPG.rf.159a37e30e0551f41a9706884668c172.jpg,train,all_visible_annotated,0,
DSC02010_JPG.rf.7791f1283e612df69a1cd176694e923c.jpg,train,all_visible_annotated,0,
el_calvario_056_jpg.rf.19e5b983430e6a18a2f5800dcc3ee453.jpg,train,all_visible_annotated,0,
DSC05851_JPG.rf.1382d5da5d636c58ada1188093299423.jpg,train,bibs_missed,1,
DSC05608_JPG.rf.e3fd5c902efd48c6fe0b88932e1a57ae.jpg,train,bibs_missed,1,
sultana_101_jpg.rf.10da7dd1ce652040875d1c1784cb46aa.jpg,train,all_visible_annotated,0,
sultana_110_jpg.rf.63eed70d734c033e3e0f96d784e23576.jpg,valid,all_visible_annotated,0,
sultana_114_jpg.rf.7d3bb4c6afbe8dc3036714fed587f0ce.jpg,valid,all_visible_annotated,0,
sultana_212_jpg.rf.8764f2150621784e350bc4be5d31afe9.jpg,train,all_visible_annotated,0,
DSC05673_JPG.rf.cef671f26c35f53232d6f680565c4d88.jpg,train,bibs_missed,1,
DSC_0043_JPG.rf.78aadaaa7408bf53b061d2e1e0a72373.jpg,train,all_visible_annotated,0,
95386B67-4E4D-4792-BC70-577EC48C063E_1_105_c_jpeg.rf.756d9737998d552fb1c985b21c78b9bf.jpg,train,all_visible_annotated,0,
A5CBC745-A381-4CED-8CCC-5CA69E31F155_1_105_c_jpeg.rf.ac546d1d1d4d265f036cd638640cba88.jpg,test,all_visible_annotated,0,
866990E5-2E60-433F-9031-2CEB7C5BD07B_1_105_c_jpeg.rf.7ef851248b4af88e9190771bd07dc0a5.jpg,test,all_visible_annotated,0,
D6EBDFB5-102B-4057-92C2-C9A3901D2A6B_1_105_c_jpeg.rf.0a2e3e8909867d7749889c59492b48f2.jpg,test,all_visible_annotated,0,
sultana_130_jpg.rf.dbf3bf8103479b40db3a29ac99f50ed3.jpg,valid,all_visible_annotated,0,
7_jpg.rf.25ee832f4b27888221fbab6c969cec26.jpg,valid,all_visible_annotated,0,
_MG_5068_jpg.rf.55880f01a9d77c7fbc3efe03d8ca43d6.jpg,valid,all_visible_annotated,0,
D9C3890F-50FE-443A-B506-3A48582F463F_1_105_c_jpeg.rf.2727fe8ecfcc4a49eb5011018bfde041.jpg,train,all_visible_annotated,0,
265D7A0E-957A-4EC2-8542-2B3C8317C40B_1_105_c_jpeg.rf.05fe17201825edf342b4decb1750cbe6.jpg,train,all_visible_annotated,0,
8C525742-53C3-495D-94EE-FE494C939CBE_1_105_c_jpeg.rf.50cf34af77542cac63b91cf9c675aa3e.jpg,train,all_visible_annotated,0,
DFA0476B-6D4A-4452-A25C-AF392BB2D1FB_1_105_c_jpeg.rf.cda4d89cc0218fc70bc457365f823e23.jpg,train,all_visible_annotated,0,
DSC_0050_JPG.rf.1fb26e38399b9841e4fbf943c766b8aa.jpg,train,all_visible_annotated,0,
sultana_154_jpg.rf.291d3ed8c7b46012954b41a253ce490e.jpg,train,all_visible_annotated,0,
B34C36B5-109C-4AF8-B3BD-A379AC75F240_1_105_c_jpeg.rf.e30b2dfcbb99851051d9d72099b27dfa.jpg,train,all_visible_annotated,0,
39FCD04E-8608-42A7-A23A-4EF81E0AF845_1_105_c_jpeg.rf.77578f6c69388e2c3279d7c51fced424.jpg,train,all_visible_annotated,0,
_MG_5155_jpg.rf.ebdd69f654f3f33fc0cbb0e56d1835f6.jpg,train,all_visible_annotated,0,
_MG_5050_jpg.rf.31f6eed56680ab21dde47ca5e2122e67.jpg,train,bibs_missed,1,
el_calvario_007_jpg.rf.6be2aa5a552bcbc29b01a2f23c6e1cea.jpg,train,all_visible_annotated,0,
DSC05766_JPG.rf.06cddb1289cdb90ca033dd2881b3b7b2.jpg,train,all_visible_annotated,0,
17_jpg.rf.d67fd92689a101fb06261319a37052bb.jpg,train,all_visible_annotated,0,
E3D68A4A-0806-45F7-B666-F5DD1B9BF878_1_105_c_jpeg.rf.7fdf9f185d5903e3eedce2d1c205af3a.jpg,train,all_visible_annotated,0,
_MG_5230_jpg.rf.91f9a9fb57ff2a0b5568d9ea6dc515f7.jpg,train,all_visible_annotated,0,
el_calvario_022_jpg.rf.9da2041ef53be3ad7cf23da7acc89e97.jpg,valid,all_visible_annotated,0,
sultana_129_jpg.rf.e0fd14c16ac0a7073e66bf8ac8f26bad.jpg,train,all_visible_annotated,0,
el_calvario_011_jpg.rf.75744152b523a632740c5d47b1335c0b.jpg,train,all_visible_annotated,0,
sultana_106_jpg.rf.3e9e3732010ee5cb1403648901d66b39.jpg,valid,all_visible_annotated,0,
56DA5D68-218D-4C56-8553-462ECA2E9F5E_1_105_c_jpeg.rf.abb0315e9deabd8322d1efb7bd2daf2a.jpg,valid,all_visible_annotated,0,
2105E430-BB6F-4EF1-9A83-574A1A24BCBC_1_105_c_jpeg.rf.97f8aad8416f89dd1519558e924cfcfe.jpg,test,all_visible_annotated,0,
C2D55BF2-B8F1-4315-B0B3-A095B7B2DBDE_1_105_c_jpeg.rf.9f7b0a87d9fae4766b582ac798595d4a.jpg,valid,all_visible_annotated,0,
el_calvario_046_jpg.rf.26b3e928c64147ec2c5a343b5f4fcb31.jpg,valid,all_visible_annotated,0,
DSC02013_JPG.rf.1532ddec40b99e5bbab79934074b6f4c.jpg,train,all_visible_annotated,0,
60B72008-C195-4AB1-8B2A-33903E6E60FA_1_105_c_jpeg.rf.1f81cd062323dd0110564d7582a17f2b.jpg,train,all_visible_annotated,0,
sultana_162_jpg.rf.db9415395bf827792ea02b54a2ce1831.jpg,train,all_visible_annotated,0,
DSC_0134_JPG.rf.073134f7de73389f84f2243c14acb364.jpg,train,all_visible_annotated,0,
sultana_193_jpg.rf.31d0109a9f5b0db616ffe72ed6951793.jpg,train,all_visible_annotated,0,
DSC_0540_JPG.rf.5efca9c87b877fc173f64f68c28bdc59.jpg,train,all_visible_annotated,0,
DSC05284_JPG.rf.0e71b3e63998d10b92b65f1e39b998ae.jpg,train,all_visible_annotated,0,
DSC02085_JPG.rf.00541051de4c3a519c427f0d90590cb7.jpg,train,all_visible_annotated,0,
CE40CF25-78D3-4984-8B43-1D117DD3B651_1_105_c_jpeg.rf.25af7431931e13b7bc71a62f6287e3db.jpg,train,all_visible_annotated,0,
DSC01824_JPG.rf.7f0f5fa00e2f90cf7d5075b448b32f14.jpg,train,all_visible_annotated,0,
8CC89A70-0F66-414A-B1C3-61D493B245ED_1_105_c_jpeg.rf.e0ff39e8609f2bde571e95824c760789.jpg,train,all_visible_annotated,0,
DSC_0011_JPG.rf.2b4a7ad7a51f3f6a22668bf65bee40f9.jpg,test,all_visible_annotated,0,
75E559D9-645E-415B-B917-3E57601E4321_1_105_c_jpeg.rf.c1fa64f7b6ea15c2e43339647e6d0c70.jpg,valid,all_visible_annotated,0,
sultana_139_jpg.rf.3f34c3749c20b40bf5e257de8aa06253.jpg,train,all_visible_annotated,0,
DSC05543_JPG.rf.f52284446bb9df277b8813a255429a1e.jpg,train,bibs_missed,1,
DSC04130_jpg.rf.e10010463354cfe0e7add04d35568709.jpg,train,all_visible_annotated,0,
DSC05275_JPG.rf.eaaefef57cf632a46d1dcee67c58fe55.jpg,train,bibs_missed,1,
DSC05186_JPG.rf.b39e54c16211a8de7c743b1c59d21bdd.jpg,train,bibs_missed,1,
el_calvario_009_jpg.rf.f227a880bf1e87bcebe4851e0640d762.jpg,train,all_visible_annotated,0,
sultana_111_jpg.rf.31c9dc7c070b9c7b0e72d98aea1eac12.jpg,valid,all_visible_annotated,0,
el_calvario_065_jpg.rf.6fbf5859137e9f5b01d63565914e9b5e.jpg,train,all_visible_annotated,0,
ACAC02E3-B8C8-48A6-8399-BB2D28693CFA_1_105_c_jpeg.rf.c91eb24985b8ca131759ea9937364f84.jpg,test,all_visible_annotated,0,
DSC_0048_JPG.rf.397c7f0a0d991bed18c0383fa9747863.jpg,valid,all_visible_annotated,0,
sultana_187_jpg.rf.98a63993fb6a401728551db51ecad2c2.jpg,train,all_visible_annotated,0,
sultana_102_jpg.rf.da3092ea5aac2d909948c53b66804b19.jpg,train,all_visible_annotated,0,
609567CF-2ED9-414C-9267-0C8D7EF98738_1_105_c_jpeg.rf.9e54ed0d7581df318f224611ba1a1f01.jpg,train,all_visible_annotated,0,
DSC_0102_JPG.rf.da2d475e462cbb3206297cce2e79717c.jpg,train,all_visible_annotated,0,
DSC05595_JPG.rf.6b9815cd451f1d210943e42945991ec4.jpg,valid,all_visible_annotated,0,
5E99AB82-17A2-4B93-9416-25333431239A_1_105_c_jpeg.rf.084ec0108f18479ade773b02ba316036.jpg,test,all_visible_annotated,0,
DSC_0042_JPG.rf.d2c2663800dda9373f7f6bbf7e3e0deb.jpg,valid,all_visible_annotated,0,
sultana_180_jpg.rf.1feeb62d544c03e85c05fc908707f5b5.jpg,train,all_visible_annotated,0,
el_calvario_071_jpg.rf.47932107480f243f7ff6051d37701ca4.jpg,train,all_visible_annotated,0,
DSC02086_JPG.rf.df88dbbf2b0b43212ad04374f95375ed.jpg,train,all_visible_annotated,0,
AEA0D400-0928-43C9-A366-8B0865BE3E3F_1_105_c_jpeg.rf.3c8410975261f24a0ea0edb80bad36bc.jpg,train,all_visible_annotated,0,
30155C0F-C70F-4027-987F-57C1BC03EBFC_1_105_c_jpeg.rf.c4600c5c6918e3bbb711b5e2ab422638.jpg,test,all_visible_annotated,0,
DSC05933_JPG.rf.5154d624112f22d4388fb5c28bab6a92.jpg,train,bibs_missed,1,
DSC01932_JPG.rf.51a8f98c6a8b8f71411f1750bcfb5bda.jpg,train,all_visible_annotated,0,
DSC01831_JPG.rf.29a43e079bf01b51b0e7fcccb7ac5ef4.jpg,train,all_visible_annotated,0,
el_calvario_006_jpg.rf.0f49d68e15a59540cef98732a48f5fa5.jpg,test,all_visible_annotated,0,
DSC05292_JPG.rf.4f81d58cffab5a9f1c3fa40f0489af43.jpg,train,all_visible_annotated,0,
3AB0D124-EED6-464D-9F6F-23F3D6B7CB62_1_105_c_jpeg.rf.ff33c043e2d7f44196dda433b39da822.jpg,train,all_visible_annotated,0,
B6D92FB9-59C4-4F86-A990-F231752CA317_1_105_c_jpeg.rf.3563b58a25d86e9507facd462f103333.jpg,valid,all_visible_annotated,0,
EB663157-BBE0-4C54-AC8B-895981F4165F_1_105_c_jpeg.rf.38e61b0cf6099f59c8c2d87404bebc05.jpg,valid,all_visible_annotated,0,
55F65168-C8F0-4FCF-B6AD-A7F37977E341_1_105_c_jpeg.rf.d4c729deaed30a76112da25d65eeb0dd.jpg,train,all_visible_annotated,0,
el_calvario_039_jpg.rf.ada8240285260d958eab4bb9d28957e1.jpg,train,all_visible_annotated,0,
_MG_5522_jpg.rf.d2a4274f2f5c07fefcb90ff70877bd5b.jpg,train,bibs_missed,1,
896F8F6F-BB19-4A9D-855F-D4D87DCAB4BA_1_105_c_jpeg.rf.187e5940eb2792f727820e0e1a6d8d9d.jpg,train,all_visible_annotated,0,
DSC_0016_JPG.rf.e5fa3057175e77a59fc7667099c532b8.jpg,test,all_visible_annotated,0,
sultana_182_jpg.rf.72ee8d8cd02a3fc86bfe3be6aa0a0239.jpg,train,all_visible_annotated,0,
41_jpg.rf.6d892ea3ed19ed17124d8c8a191575c2.jpg,test,all_visible_annotated,0,
sultana_167_jpg.rf.8090096d27efc1d8d30b7f4c6a14c111.jpg,train,all_visible_annotated,0,
sultana_192_jpg.rf.396743a9854fa42e3eb0fd4d140d9532.jpg,valid,all_visible_annotated,0,
DSC02048_JPG.rf.5b5b70fc83a1b2731bd5f87f15a4b918.jpg,train,all_visible_annotated,0,
BFFDF6CE-AEB2-49AD-BB21-D3C172BDD1C1_1_105_c_jpeg.rf.5a555aa60c6c413bacf48ee0e3edc052.jpg,train,all_visible_annotated,0,
DSC05209_JPG.rf.d07686834ad3db1b3a2820d79713e6b5.jpg,train,all_visible_annotated,0,
CD3B48FA-E749-43B0-A1B0-688552464DA7_1_105_c_jpeg.rf.f9de88f74bfed6c67f4250e9b4e2234b.jpg,train,all_visible_annotated,0,
C9AB68FF-E00B-4D77-9B45-E4511225A434_1_105_c_jpeg.rf.051e3fccf31aff959b420c5560c3decf.jpg,valid,all_visible_annotated,0,
sultana_188_jpg.rf.86ca1e199918b2dc66e5e5a645194955.jpg,train,all_visible_annotated,0,
DSC05456_JPG.rf.4f90ed0c62d86e90ebacbd9a762e07a9.jpg,train,all_visible_annotated,0,
el_calvario_096_jpg.rf.e4a694bd5a7528209ee58455271775db.jpg,train,all_visible_annotated,0,
01_jpg.rf.da42b7fec07d9c416352de7460a32ca6.jpg,train,all_visible_annotated,0,
87A747B3-C2DA-43D9-BD67-AAAF50C303EA_1_105_c_jpeg.rf.4d1c1649b52c127ff3ecfc849245060a.jpg,train,all_visible_annotated,0,
DSC05665_JPG.rf.ae930ed644df0f71d1bcdf8f21043bfd.jpg,train,bibs_missed,1,
sultana_189_jpg.rf.386887ba1cd8f94c37f151562a9f5d82.jpg,train,all_visible_annotated,0,
el_calvario_092_jpg.rf.f2ee60addbd8a8c34ae5931ed6a382ec.jpg,train,all_visible_annotated,0,
DSC05712_JPG.rf.a67763433fa9434fe67849e56ba8074e.jpg,train,all_visible_annotated,0,
5BBEC120-B0F3-4962-903C-47DD2D3EC30F_1_105_c_jpeg.rf.6e445c87a0c7883b03c108f3b7ac01ed.jpg,train,all_visible_annotated,0,
sultana_200_jpg.rf.d696aaa281c294a11865dda553197358.jpg,valid,all_visible_annotated,0,
38_jpg.rf.f0caf93c954371e002741aff6ab991bc.jpg,valid,all_visible_annotated,0,
_MG_5300_jpg.rf.1bd779c317b98d4a5f350a96148e9691.jpg,train,all_visible_annotated,0,
A32BC036-422F-41C3-B5CD-7AB3013500AE_1_105_c_jpeg.rf.cf52299958a4ddac7435702fb51912dd.jpg,valid,all_visible_annotated,0,
DSC01820_JPG.rf.fa34005d78ac85f641732208c1c435e7.jpg,train,all_visible_annotated,0,
DSC05252_JPG.rf.d8ff982993b9725068adf12fe385260b.jpg,train,all_visible_annotated,0,
DSC05664_JPG.rf.8a382184b16a7d99e2ae3e84502c2a2c.jpg,test,bibs_missed,1,
